corridor_id,n_legs,n_trips,source_center,destination_center,source_name,destination_name,source_city,dest_city,source_state,dest_state,sum_log,sumsq_log,mean_gap_ratio,median_gap_ratio,mean_gap_min,median_gap_min,mean_osrm_time,mean_actual_time,mean_osrm_km,mean_dwell_min,ftl_share,mean_log
IND562132AAA>IND560300AAA,151,151,IND562132AAA,IND560300AAA,Bangalore_Nelmngla_H (Karnataka),Bengaluru_KGAirprt_HB (Karnataka),Bangalore,Bengaluru,Karnataka,Karnataka,85.52241947776085,58.63136960011992,1.8289046392226862,1.7291666666666667,39.82781456953642,35.0,48.04635761589404,87.87417218543047,38.078471523178806,95.15894039735099,0.0,0.5663736389255686
IND562132AAA>IND560099AAB,127,127,IND562132AAA,IND560099AAB,Bangalore_Nelmngla_H (Karnataka),Bengaluru_Bomsndra_HB (Karnataka),Bangalore,Bengaluru,Karnataka,Karnataka,71.6991509740171,48.30232497858888,1.8193395643491397,1.6666666666666667,41.31496062992126,35.0,50.53543307086614,91.85039370078741,50.57237637795275,187.04724409448818,0.2992125984251969,0.5645602438898984
IND560099AAB>IND560300AAA,121,121,IND560099AAB,IND560300AAA,Bengaluru_Bomsndra_HB (Karnataka),Bengaluru_KGAirprt_HB (Karnataka),Bengaluru,Bengaluru,Karnataka,Karnataka,77.81742499810059,63.109720736925354,2.0079543477382655,1.8333333333333333,57.917355371900825,50.0,56.743801652892564,114.66115702479338,53.13001157024792,83.64462809917356,0.0,0.6431192148603355
IND560300AAA>IND562132AAA,108,108,IND560300AAA,IND562132AAA,Bengaluru_KGAirprt_HB (Karnataka),Bangalore_Nelmngla_H (Karnataka),Bengaluru,Bangalore,Karnataka,Karnataka,73.28062904109387,60.845837697141846,2.0903467540336176,1.82,54.898148148148145,41.0,50.333333333333336,105.23148148148148,40.69206851851851,85.79629629629629,0.0,0.6785243429730914
IND411033AAA>IND421302AAG,107,107,IND411033AAA,IND421302AAG,Pune_Tathawde_H (Maharashtra),Bhiwandi_Mankoli_HB (Maharashtra),Pune,Bhiwandi,Maharashtra,Maharashtra,80.51704598172785,65.24115710290329,2.174800679360398,1.9904761904761905,118.27102803738318,101.0,100.49532710280374,218.7663551401869,128.63069158878506,103.67289719626169,1.0,0.7524957568385781
IND421302AAG>IND400072AAB,105,105,IND421302AAG,IND400072AAB,Bhiwandi_Mankoli_HB (Maharashtra),Mumbai Hub (Maharashtra),Bhiwandi,,Maharashtra,Maharashtra,98.01760359744539,103.91243921099431,2.716863444354128,2.5454545454545454,38.97142857142857,33.0,22.314285714285713,61.285714285714285,27.157933333333332,107.14285714285714,0.0,0.933500986642337
IND560099AAB>IND562132AAA,102,102,IND560099AAB,IND562132AAA,Bengaluru_Bomsndra_HB (Karnataka),Bangalore_Nelmngla_H (Karnataka),Bengaluru,Bangalore,Karnataka,Karnataka,50.19792143533957,33.54200175436152,1.7184114074826216,1.5185185185185186,40.666666666666664,28.0,56.470588235294116,97.13725490196079,46.775093137254906,169.73529411764707,0.24509803921568626,0.4921364846601919
IND000000ACT>IND000000ACB,100,100,IND000000ACT,IND000000ACB,Delhi_Gateway_HB (Delhi),Gurgaon_Bilaspur_HB (Haryana),Delhi,Gurgaon,Delhi,Haryana,43.90808592165635,33.25171913039164,1.685064598435413,1.3421052631578947,28.34,14.0,41.54,69.88,42.988283,190.1,0.57,0.43908085921656353
IND400072AAD>IND421302AAG,99,99,IND400072AAD,IND421302AAG,Mumbai_Chndivli_PC (Maharashtra),Bhiwandi_Mankoli_HB (Maharashtra),Mumbai,Bhiwandi,Maharashtra,Maharashtra,115.52688854487491,162.42883091844487,3.7800775727930573,2.727272727272727,60.0,36.0,20.86868686868687,80.86868686868686,25.605965656565655,120.33333333333333,0.0,1.1669382681300495
IND000000ACB>IND131028AAB,92,92,IND000000ACB,IND131028AAB,Gurgaon_Bilaspur_HB (Haryana),Sonipat_Kundli_H (Haryana),Gurgaon,Sonipat,Haryana,Haryana,70.29888756916594,59.60391706014076,2.2228373037015827,2.0736842105263156,119.01086956521739,102.0,97.44565217391305,216.45652173913044,98.09352717391306,177.5326086956522,0.0,0.7641183431431081
IND131028AAB>IND000000ACB,86,86,IND131028AAB,IND000000ACB,Sonipat_Kundli_H (Haryana),Gurgaon_Bilaspur_HB (Haryana),Sonipat,Gurgaon,Haryana,Haryana,63.179309381881154,55.13654931789104,2.1938403586689508,1.8979591836734695,114.18604651162791,87.0,96.06976744186046,210.25581395348837,97.35027441860464,137.53488372093022,0.0,0.7346431323474553
IND560300AAA>IND560099AAB,86,86,IND560300AAA,IND560099AAB,Bengaluru_KGAirprt_HB (Karnataka),Bengaluru_Bomsndra_HB (Karnataka),Bengaluru,Bengaluru,Karnataka,Karnataka,70.47497110503308,70.47902588788178,2.431784452145853,2.4444444444444446,79.97674418604652,80.0,55.872093023255815,135.84883720930233,53.01987093023256,82.37209302325581,0.0,0.819476408198059
IND421302AAG>IND401104AAA,78,78,IND421302AAG,IND401104AAA,Bhiwandi_Mankoli_HB (Maharashtra),Mumbai_MiraRd_IP (Maharashtra),Bhiwandi,Mumbai,Maharashtra,Maharashtra,83.73653523333694,103.2415609289752,3.254635266602462,2.739130434782609,55.91025641025641,40.0,24.615384615384617,80.52564102564102,28.156753846153844,106.57692307692308,0.0,1.0735453235043197
IND110044AAB>IND000000ACB,76,76,IND110044AAB,IND000000ACB,Del_Okhla_PC (Delhi),Gurgaon_Bilaspur_HB (Haryana),Del,Gurgaon,Delhi,Haryana,45.8431569610069,31.74984164149034,1.8821187670833275,1.7258064516129032,53.68421052631579,44.0,60.61842105263158,114.30263157894737,65.18367105263158,87.34210526315789,0.0,0.6031994336974592
IND421302AAG>IND411033AAA,72,72,IND421302AAG,IND411033AAA,Bhiwandi_Mankoli_HB (Maharashtra),Pune_Tathawde_H (Maharashtra),Bhiwandi,Pune,Maharashtra,Maharashtra,58.47235506972548,50.131691509978175,2.2994281988818672,2.185567010309278,126.5,115.0,97.26388888888889,223.76388888888889,130.5583,164.94444444444446,1.0,0.8121160426350761
IND400072AAB>IND401104AAA,72,72,IND400072AAB,IND401104AAA,Mumbai Hub (Maharashtra),Mumbai_MiraRd_IP (Maharashtra),,Mumbai,Maharashtra,Maharashtra,80.39550684840516,94.82871706340669,3.1684763720302938,3.066666666666667,34.708333333333336,32.0,15.958333333333334,50.666666666666664,20.55735,48.31944444444444,0.0,1.116604261783405
IND000000ACA>IND160002AAC,71,71,IND000000ACA,IND160002AAC,Ludhiana_MilrGanj_HB (Punjab),Chandigarh_Mehmdpur_H (Punjab),Ludhiana,Chandigarh,Punjab,Punjab,51.96018952316149,40.29038453351315,2.1126510949049186,2.064516129032258,71.40845070422536,66.0,64.52112676056338,135.92957746478874,91.9662338028169,112.43661971830986,0.9859154929577465,0.7318336552557956
IND400072AAB>IND000000AFT,67,67,IND400072AAB,IND000000AFT,Mumbai Hub (Maharashtra),Mumbai_Sanpada_I (Maharashtra),,Mumbai,Maharashtra,Maharashtra,67.42092786863907,73.9815224375743,2.900008803447275,2.526315789473684,36.223880597014926,29.0,19.582089552238806,55.80597014925373,22.436017910447763,54.507462686567166,0.0,1.0062825055020757
IND000000ACB>IND562132AAA,66,66,IND000000ACB,IND562132AAA,Gurgaon_Bilaspur_HB (Haryana),Bangalore_Nelmngla_H (Karnataka),Gurgaon,Bangalore,Haryana,Karnataka,42.89488498642313,28.16389027079186,1.919783873866053,1.8984063745019921,1387.3939393939395,1354.0,1508.409090909091,2895.8030303030305,2063.971681818182,200.92424242424244,1.0,0.6499224997942898
IND160002AAC>IND000000ACB,66,66,IND160002AAC,IND000000ACB,Chandigarh_Mehmdpur_H (Punjab),Gurgaon_Bilaspur_HB (Haryana),Chandigarh,Gurgaon,Punjab,Haryana,49.007619128933726,38.40612213755634,2.135520403821201,1.990521327014218,240.24242424242425,209.0,211.53030303030303,451.77272727272725,280.38027727272726,272.93939393939394,1.0,0.7425396837717231
IND600032AAB>IND600056AAB,64,64,IND600032AAB,IND600056AAB,Chennai_Hub (Tamil Nadu),MAA_Poonamallee_HB (Tamil Nadu),Chennai,MAA,Tamil Nadu,Tamil Nadu,47.99050758761797,43.248625198969876,2.260777400448816,1.875,41.34375,28.0,32.671875,74.015625,36.679509375,48.34375,0.0,0.7498516810565308
IND400072AAB>IND421302AAG,63,63,IND400072AAB,IND421302AAG,Mumbai Hub (Maharashtra),Bhiwandi_Mankoli_HB (Maharashtra),,Bhiwandi,Maharashtra,Maharashtra,76.17732709460617,112.95169294761946,4.053998916504093,2.9583333333333335,69.15873015873017,44.0,22.857142857142858,92.01587301587301,27.455825396825396,142.42857142857142,0.0,1.209163922136606
IND421302AAG>IND400102AAC,62,62,IND421302AAG,IND400102AAC,Bhiwandi_Mankoli_HB (Maharashtra),Mumbai_Jogshwri_I (Maharashtra),Bhiwandi,Mumbai,Maharashtra,Maharashtra,66.7982114482363,88.31263242539927,3.4208535946340493,2.6333333333333333,68.45161290322581,46.0,28.096774193548388,96.54838709677419,32.70014193548387,131.38709677419354,0.0,1.0773905072296177
IND400072AAB>IND400015AAA,60,60,IND400072AAB,IND400015AAA,Mumbai Hub (Maharashtra),Mumbai_CottonGreen_DPC (Maharashtra),,Mumbai,Maharashtra,Maharashtra,72.5560195385389,97.51849158730133,3.683683473389356,3.1176470588235294,44.7,36.0,16.783333333333335,61.483333333333334,18.584645,68.83333333333333,0.0,1.2092669923089818
IND000000ACB>IND160002AAC,58,58,IND000000ACB,IND160002AAC,Gurgaon_Bilaspur_HB (Haryana),Chandigarh_Mehmdpur_H (Punjab),Gurgaon,Chandigarh,Haryana,Punjab,51.31883854500908,48.61302743323664,2.4963370716383366,2.202830188679245,317.5689655172414,255.0,212.18965517241378,529.7586206896551,280.8482431034482,317.6551724137931,1.0,0.8848075611208462
IND131021AAA>IND131028AAA,58,58,IND131021AAA,IND131028AAA,Sonipat_AmzonDev_V (Haryana),Sonipat_Kundli_P (Haryana),Sonipat,Sonipat,Haryana,Haryana,29.163422723557176,18.96500044315148,1.71545671761189,1.625,7.137931034482759,6.0,10.327586206896552,17.46551724137931,12.601839655172414,28.362068965517242,0.0,0.5028176331647789
IND000000ACB>IND122001AAA,57,57,IND000000ACB,IND122001AAA,Gurgaon_Bilaspur_HB (Haryana),GGN_DPC (Haryana),Gurgaon,GGN,Haryana,Haryana,32.79615707491647,25.919203409670992,1.9199397762865256,1.7352941176470589,31.736842105263158,25.0,34.36842105263158,66.10526315789474,35.40431754385965,118.14035087719299,0.0,0.5753711767529206
IND000000ACB>IND121002AAB,57,57,IND000000ACB,IND121002AAB,Gurgaon_Bilaspur_HB (Haryana),Faridabad_Mthurard_L (Haryana),Gurgaon,Faridabad,Haryana,Haryana,40.58986663200236,32.58120058911463,2.108542284180974,1.876923076923077,72.36842105263158,57.0,65.64912280701755,138.01754385964912,76.28007719298247,136.1578947368421,0.0,0.7121029233684625
IND562132AAA>IND560058AAD,57,57,IND562132AAA,IND560058AAD,Bangalore_Nelmngla_H (Karnataka),Bengaluru_Peenya_L (Karnataka),Bangalore,Bengaluru,Karnataka,Karnataka,41.51911342348215,47.39034243340427,2.4975479634759417,1.7619047619047619,30.87719298245614,16.0,20.07017543859649,50.94736842105263,15.769866666666665,239.140350877193,0.0,0.7284054986575816
IND421302AAG>IND000000AFT,54,54,IND421302AAG,IND000000AFT,Bhiwandi_Mankoli_HB (Maharashtra),Mumbai_Sanpada_I (Maharashtra),Bhiwandi,Mumbai,Maharashtra,Maharashtra,62.23143594301209,90.6933344007412,3.9156069910557765,2.5,58.407407407407405,29.0,20.0,78.4074074074074,22.512911111111112,169.7962962962963,0.0,1.1524339989446684
IND400011AAA>IND400072AAD,53,53,IND400011AAA,IND400072AAD,LowerParel_CP (Maharashtra),Mumbai_Chndivli_PC (Maharashtra),LowerParel,Mumbai,Maharashtra,Maharashtra,54.40188563673406,59.230520697082234,2.883613769903857,2.7222222222222223,33.20754716981132,30.0,17.735849056603772,50.943396226415096,19.855792452830187,43.264150943396224,0.0,1.0264506723912086
IND600056AAB>IND600032AAB,52,52,IND600056AAB,IND600032AAB,MAA_Poonamallee_HB (Tamil Nadu),Chennai_Hub (Tamil Nadu),MAA,Chennai,Tamil Nadu,Tamil Nadu,40.26577963454087,36.740671280919685,2.287120915927842,2.2941176470588234,41.92307692307692,44.0,32.59615384615385,74.51923076923077,36.63894230769232,56.19230769230769,0.0,0.7743419160488629
IND562132AAA>IND560083AAB,50,50,IND562132AAA,IND560083AAB,Bangalore_Nelmngla_H (Karnataka),Bengaluru_Bnnrghta_L (Karnataka),Bangalore,Bengaluru,Karnataka,Karnataka,28.336612486164597,25.223733072685782,1.9744099135068325,1.5,38.42,20.0,39.12,77.54,41.65709000000001,197.74,0.0,0.566732249723292
IND421302AAG>IND400015AAA,49,49,IND421302AAG,IND400015AAA,Bhiwandi_Mankoli_HB (Maharashtra),Mumbai_CottonGreen_DPC (Maharashtra),Bhiwandi,Mumbai,Maharashtra,Maharashtra,50.0423307324659,57.16273673135408,2.965795041092582,2.4545454545454546,62.51020408163265,46.0,31.73469387755102,94.24489795918367,42.54303469387756,101.85714285714286,0.0,1.0212720557646102
IND000000ACB>IND110064AAA,48,48,IND000000ACB,IND110064AAA,Gurgaon_Bilaspur_HB (Haryana),Delhi_Mayapuri_PC (Delhi),Gurgaon,Delhi,Haryana,Delhi,25.93633617455469,17.94148902591517,1.7920690324070507,1.6,45.708333333333336,36.0,57.854166666666664,103.5625,55.805491666666676,101.70833333333333,0.0,0.5403403369698894
IND000000ACB>IND712311AAA,48,48,IND000000ACB,IND712311AAA,Gurgaon_Bilaspur_HB (Haryana),Kolkata_Dankuni_HB (West Bengal),Gurgaon,Kolkata,Haryana,West Bengal,35.95925331368715,27.965760493876388,2.1412134855716514,2.0305418719211823,1159.1666666666667,1046.0,1015.75,2174.9166666666665,1427.885775,249.6875,1.0,0.7491511107018156
IND110037AAM>IND121004AAB,46,46,IND110037AAM,IND121004AAB,Delhi_Airport_H (Delhi),FBD_Balabhgarh_DPC (Haryana),Delhi,FBD,Delhi,Haryana,39.11346858576633,41.17593346653953,2.557193490832894,2.096774193548387,44.56521739130435,34.0,27.630434782608695,72.19565217391305,28.163882608695648,55.56521739130435,0.0,0.8502927953427463
IND560058AAB>IND560060AAB,44,44,IND560058AAB,IND560060AAB,Bengaluru_Peenya_IP (Karnataka),Bengaluru_Kengeri_IP (Karnataka),Bengaluru,Bengaluru,Karnataka,Karnataka,15.06452696100414,8.803871066395027,1.4877385578817468,1.3529411764705883,8.204545454545455,6.0,16.522727272727273,24.727272727272727,15.707077272727274,21.181818181818183,0.0,0.3423756127500941
IND562132AAA>IND000000ACB,44,44,IND562132AAA,IND000000ACB,Bangalore_Nelmngla_H (Karnataka),Gurgaon_Bilaspur_HB (Haryana),Bangalore,Gurgaon,Karnataka,Haryana,26.58858586282799,16.16485210633828,1.8320068006258994,1.8230668414154654,1271.1363636363637,1256.0,1527.7954545454545,2798.931818181818,2072.9803204545456,328.09090909090907,1.0,0.6042860423369998
IND122004AAA>IND122413AAE,43,43,IND122004AAA,IND122413AAE,Gurgaon_Begumpur_CP (Haryana),Gurgaon_Bilaspur_P (Haryana),Gurgaon,Gurgaon,Haryana,Haryana,25.56779740680092,18.40675078333249,1.8868725281857974,1.7647058823529411,30.651162790697676,26.0,34.58139534883721,65.23255813953489,35.91700465116279,50.25581395348837,0.0,0.5945999396930447
IND110037AAK>IND000000ACB,43,43,IND110037AAK,IND000000ACB,Delhi_Kapshera_L (Delhi),Gurgaon_Bilaspur_HB (Haryana),Delhi,Gurgaon,Delhi,Haryana,41.88776563565502,61.47999909296296,3.7004329247813303,2.1842105263157894,103.46511627906976,45.0,37.53488372093023,141.0,38.743404651162784,207.09302325581396,0.0,0.9741340845501167
IND411033AAA>IND411014AAA,43,43,IND411033AAA,IND411014AAA,Pune_Tathawde_H (Maharashtra),PNQ Vadgaon Sheri DPC (Maharashtra),Pune,,Maharashtra,Maharashtra,42.848529736302666,55.011231706499636,3.2013944625338286,2.625,58.55813953488372,47.0,27.953488372093023,86.51162790697674,26.223432558139535,79.93023255813954,0.0,0.996477435727969
IND600032AAB>IND600076AAB,42,42,IND600032AAB,IND600076AAB,Chennai_Hub (Tamil Nadu),Chennai_Madhavaram_DPC (Tamil Nadu),Chennai,Chennai,Tamil Nadu,Tamil Nadu,32.92367150549369,29.87955481979392,2.2935749299719888,2.1875,20.38095238095238,19.0,15.833333333333334,36.214285714285715,16.595897619047623,34.42857142857143,0.0,0.7838969406069926
IND121004AAB>IND121102AAA,41,41,IND121004AAB,IND121102AAA,FBD_Balabhgarh_DPC (Haryana),Palwal (Haryana),FBD,,Haryana,Haryana,28.444633021206503,22.040948823670412,2.061363431928856,1.9310344827586208,30.878048780487806,27.0,29.146341463414632,60.02439024390244,40.46897073170731,33.09756097560975,0.0,0.6937715371025976
IND411033AAA>IND411021AAA,41,41,IND411033AAA,IND411021AAA,Pune_Tathawde_H (Maharashtra),PNQ Pashan DPC (Maharashtra),Pune,,Maharashtra,Maharashtra,34.53215309761127,52.425787571141086,3.2164008755472167,1.9230769230769231,27.341463414634145,12.0,12.292682926829269,39.63414634146341,10.820729268292682,62.707317073170735,0.0,0.8422476365271042
IND560064AAD>IND560043AAC,41,41,IND560064AAD,IND560043AAC,Bengaluru_Bagaluru_D (Karnataka),HBR Layout PC (Karnataka),Bengaluru,,Karnataka,Karnataka,36.92008048277984,35.6374854715708,2.548784297959334,2.466666666666667,23.21951219512195,22.0,14.926829268292684,38.146341463414636,14.332434146341463,59.8780487804878,0.0,0.900489767872679
IND000000AFT>IND410209AAA,40,40,IND000000AFT,IND410209AAA,Mumbai_Sanpada_I (Maharashtra),Mumbai_Khandeshwar_Dc (Maharashtra),Mumbai,Mumbai,Maharashtra,Maharashtra,35.023710767266245,34.20516820919509,2.5416353166760777,2.2857142857142856,21.625,18.0,14.45,36.075,17.7873225,23.6,0.0,0.8755927691816561
IND110044AAB>IND131028AAB,40,40,IND110044AAB,IND131028AAB,Del_Okhla_PC (Delhi),Sonipat_Kundli_H (Haryana),Del,Sonipat,Delhi,Haryana,22.48882372083531,15.569344342528296,1.8220297792960114,1.5925925925925926,43.375,32.0,52.675,96.05,43.36546250000001,115.8,0.0,0.5622205930208828
IND382430AAB>IND380054AAA,40,40,IND382430AAB,IND380054AAA,Ahmedabad_East_H_1 (Gujarat),AMD_Memnagar (Gujarat),Ahmedabad,AMD,Gujarat,Gujarat,36.407514793943676,39.779835897260284,2.774583333333333,2.235294117647059,29.75,21.0,16.7,46.45,19.572905,94.2,0.0,0.9101878698485919
IND811399AAA>IND110044AAB,40,40,IND811399AAA,IND110044AAB,Noida_Sector02_C (Uttar Pradesh),Del_Okhla_PC (Delhi),Noida,Del,Uttar Pradesh,Delhi,47.802967712967096,78.80101552107995,4.362863070666863,3.1333333333333333,54.575,33.0,16.3,70.875,14.06383,184.425,0.0,1.1950741928241775
IND000000ACB>IND201301AAM,39,39,IND000000ACB,IND201301AAM,Gurgaon_Bilaspur_HB (Haryana),Noida_Sector63_L (Uttar Pradesh),Gurgaon,Noida,Haryana,Uttar Pradesh,38.88433171295325,39.85397380135547,2.749542844546219,2.6202531645569622,141.76923076923077,130.0,80.92307692307692,222.69230769230768,79.86428974358975,126.53846153846153,0.0,0.9970341464859808
IND110064AAA>IND000000ACB,39,39,IND110064AAA,IND000000ACB,Delhi_Mayapuri_PC (Delhi),Gurgaon_Bilaspur_HB (Haryana),Delhi,Gurgaon,Delhi,Haryana,53.782650291230574,119.27719962812529,6.554991936674383,2.076923076923077,296.61538461538464,56.0,53.23076923076923,349.84615384615387,57.31385128205129,34.12820512820513,0.0,1.3790423151597584
IND560043AAC>IND560064AAA,39,39,IND560043AAC,IND560064AAA,HBR Layout PC (Karnataka),Bengaluru_NwYlhnka_DC (Karnataka),,Bengaluru,Karnataka,Karnataka,19.408102332481988,10.978947380705533,1.675630582867425,1.5333333333333334,11.846153846153847,9.0,17.58974358974359,29.435897435897434,13.440871794871796,29.0,0.0,0.4976436495508202
IND000000ACB>IND110037AAK,39,39,IND000000ACB,IND110037AAK,Gurgaon_Bilaspur_HB (Haryana),Delhi_Kapshera_L (Delhi),Gurgaon,Delhi,Haryana,Delhi,26.961371650786035,27.006899416010477,2.4820771580917724,1.8157894736842106,57.92307692307692,31.0,38.48717948717949,96.41025641025641,38.926523076923075,131.23076923076923,0.0,0.6913172218150265
IND000000ACT>IND131028AAB,39,39,IND000000ACT,IND131028AAB,Delhi_Gateway_HB (Delhi),Sonipat_Kundli_H (Haryana),Delhi,Sonipat,Delhi,Haryana,19.85380767250171,12.863546990020138,1.7238568179215918,1.6481481481481481,40.666666666666664,35.0,55.97435897435897,96.64102564102564,43.425599999999996,102.25641025641026,0.0,0.509071991602608
IND500010AAB>IND501359AAE,39,39,IND500010AAB,IND501359AAE,Hyderabad_Alwal_L (Telangana),Hyderabad_Shamshbd_H (Telangana),Hyderabad,Hyderabad,Telangana,Telangana,48.70729265550447,64.55485047364365,3.6695137244221225,3.3783783783783785,96.82051282051282,88.0,36.256410256410255,133.07692307692307,44.91268974358974,224.84615384615384,0.0,1.2489049398847298
IND421302AAG>IND400072AAJ,38,38,IND421302AAG,IND400072AAJ,Bhiwandi_Mankoli_HB (Maharashtra),Mumbai_Tejpal_I (Maharashtra),Bhiwandi,Mumbai,Maharashtra,Maharashtra,39.544246866425105,46.68596215752592,3.053872007092831,2.590909090909091,46.078947368421055,35.0,22.342105263157894,68.42105263157895,27.258902631578945,117.02631578947368,0.0,1.0406380754322395
IND560099AAB>IND560058AAB,38,38,IND560099AAB,IND560058AAB,Bengaluru_Bomsndra_HB (Karnataka),Bengaluru_Peenya_IP (Karnataka),Bengaluru,Bengaluru,Karnataka,Karnataka,22.5531093863464,17.56397538509978,1.914086657219971,1.6578947368421053,32.81578947368421,25.0,36.10526315789474,68.92105263157895,32.24631578947369,77.92105263157895,0.0,0.5935028785880632
IND401104AAA>IND401208AAA,37,37,IND401104AAA,IND401208AAA,Mumbai_MiraRd_IP (Maharashtra),Nalasopara (Maharashtra),Mumbai,,Maharashtra,Maharashtra,35.50398589627168,35.731526780612114,2.6723356483418406,2.5555555555555554,29.513513513513512,28.0,17.64864864864865,47.16216216216216,23.383602702702706,65.51351351351352,0.0,0.959567186385721
IND121004AAB>IND110037AAM,37,37,IND121004AAB,IND110037AAM,FBD_Balabhgarh_DPC (Haryana),Delhi_Airport_H (Delhi),FBD,Delhi,Haryana,Delhi,34.660669423456255,36.43716672785301,2.7303226303226302,2.5833333333333335,43.24324324324324,39.0,25.10810810810811,68.35135135135135,28.57144054054054,31.054054054054053,0.0,0.9367748492826015
IND560099AAB>IND560043AAC,37,37,IND560099AAB,IND560043AAC,Bengaluru_Bomsndra_HB (Karnataka),HBR Layout PC (Karnataka),Bengaluru,,Karnataka,Karnataka,21.059764416617842,17.645404460273667,1.924583434982162,1.6071428571428572,27.83783783783784,19.0,29.7027027027027,57.54054054054054,27.78854594594595,81.0,0.0,0.5691828220707524
IND560300AAA>IND560058AAB,37,37,IND560300AAA,IND560058AAB,Bengaluru_KGAirprt_HB (Karnataka),Bengaluru_Peenya_IP (Karnataka),Bengaluru,Bengaluru,Karnataka,Karnataka,13.400578515698369,7.611620130918148,1.4921939499840928,1.393939393939394,16.91891891891892,13.0,34.54054054054054,51.45945945945946,31.532635135135134,49.7027027027027,0.0,0.36217779772157754
IND000000ACB>IND110095AAB,36,36,IND000000ACB,IND110095AAB,Gurgaon_Bilaspur_HB (Haryana),Delhi_Jhilmil_L (Delhi),Gurgaon,Delhi,Haryana,Delhi,24.708748408247672,31.013661787870355,2.403153365258628,1.618421052631579,106.75,47.0,76.30555555555556,183.05555555555554,71.34055277777777,148.22222222222223,0.0,0.6863541224513242
IND110037AAM>IND110035AAC,36,36,IND110037AAM,IND110035AAC,Delhi_Airport_H (Delhi),Delhi_North_R_8 (Delhi),Delhi,Delhi,Delhi,Delhi,33.35648840925552,40.60605366430993,2.9258477312893376,2.238095238095238,41.416666666666664,26.0,20.833333333333332,62.25,18.507169444444443,114.11111111111111,0.0,0.92656912247932
IND410206AAB>IND000000AFT,36,36,IND410206AAB,IND000000AFT,Mumbai_Panvel_D (Maharashtra),Mumbai_Sanpada_I (Maharashtra),Mumbai,Mumbai,Maharashtra,Maharashtra,34.78468387610222,37.74059009311253,2.8081419848641214,2.2941176470588234,30.22222222222222,23.0,17.166666666666668,47.388888888888886,20.86286388888889,63.44444444444444,0.0,0.9662412187806173
IND382430AAB>IND380005AAA,36,36,IND382430AAB,IND380005AAA,Ahmedabad_East_H_1 (Gujarat),Amd_Chandkheda_Dc (Gujarat),Ahmedabad,Amd,Gujarat,Gujarat,28.002737604718064,26.31336857440347,2.342141119040096,2.0833333333333335,31.083333333333332,26.0,22.916666666666668,54.0,27.19871388888889,65.58333333333333,0.0,0.7778538223532796
IND400015AAA>IND400072AAB,36,36,IND400015AAA,IND400072AAB,Mumbai_CottonGreen_DPC (Maharashtra),Mumbai Hub (Maharashtra),Mumbai,,Maharashtra,Maharashtra,42.648615007107765,57.25321602487861,3.6331403074050126,2.75,44.25,29.0,16.805555555555557,61.05555555555556,18.19742777777778,92.69444444444444,0.0,1.1846837501974379
IND560058AAD>IND562132AAA,36,36,IND560058AAD,IND562132AAA,Bengaluru_Peenya_L (Karnataka),Bangalore_Nelmngla_H (Karnataka),Bengaluru,Bangalore,Karnataka,Karnataka,30.132214492223525,44.20796659691197,3.2295403147577058,1.6956521739130435,52.25,16.0,22.61111111111111,74.86111111111111,15.15793611111111,171.77777777777777,0.0,0.8370059581173201
IND209304AAA>IND000000ACB,35,35,IND209304AAA,IND000000ACB,Kanpur_Central_H_6 (Uttar Pradesh),Gurgaon_Bilaspur_HB (Haryana),Kanpur,Gurgaon,Uttar Pradesh,Haryana,24.9406983701216,18.583465362506477,2.0640921439034896,1.9603658536585367,348.8,315.0,327.6857142857143,676.4857142857143,445.57271999999995,201.05714285714285,1.0,0.7125913820034743
IND382430AAB>IND380015AAB,35,35,IND382430AAB,IND380015AAB,Ahmedabad_East_H_1 (Gujarat),AMD_Satellite (Gujarat),Ahmedabad,AMD,Gujarat,Gujarat,34.97895255419952,42.364847277681214,3.1659692688264114,2.3333333333333335,25.742857142857144,16.0,11.914285714285715,37.65714285714286,15.349534285714286,93.94285714285714,0.0,0.9993986444057007
IND121004AAB>IND000000ACB,34,34,IND121004AAB,IND000000ACB,FBD_Balabhgarh_DPC (Haryana),Gurgaon_Bilaspur_HB (Haryana),FBD,Gurgaon,Haryana,Haryana,23.127507710623032,18.103263922102514,2.0568282744324122,1.8,68.11764705882354,52.0,64.23529411764706,132.35294117647058,75.00450588235293,72.47058823529412,0.0,0.6802208150183244
IND560099AAB>IND560048AAB,34,34,IND560099AAB,IND560048AAB,Bengaluru_Bomsndra_HB (Karnataka),Bengaluru_Hoodi_IP (Karnataka),Bengaluru,Bengaluru,Karnataka,Karnataka,18.985280409624266,17.10212064174127,1.9446303403047565,1.5161290322580645,29.88235294117647,16.0,31.264705882352942,61.14705882352941,26.78670294117647,79.5,0.0,0.5583906002830666
IND382430AAB>IND382345AAA,34,34,IND382430AAB,IND382345AAA,Ahmedabad_East_H_1 (Gujarat),Amdavad_East (Gujarat),Ahmedabad,Amdavad,Gujarat,Gujarat,32.93302839888328,40.11281583663133,3.076620625625816,2.1875,33.029411764705884,18.0,15.823529411764707,48.85294117647059,19.580179411764703,83.88235294117646,0.0,0.9686184823200965
IND600056AAB>IND600044AAE,34,34,IND600056AAB,IND600044AAE,MAA_Poonamallee_HB (Tamil Nadu),Chennai_Chrompet_L (Tamil Nadu),MAA,Chennai,Tamil Nadu,Tamil Nadu,22.614372283381805,15.823120371851772,1.9677058051625527,1.8888888888888888,33.64705882352941,31.0,34.705882352941174,68.3529411764706,35.909126470588234,134.02941176470588,0.0,0.6651285965700531
IND412105AAC>IND411017AAA,33,33,IND412105AAC,IND411017AAA,Pune_North_D_3 (Maharashtra),PNQ Rahatani DPC (Maharashtra),Pune,,Maharashtra,Maharashtra,28.9873359513206,27.512744920430457,2.4878561153328955,2.3333333333333335,23.303030303030305,21.0,15.515151515151516,38.81818181818182,17.558069696969696,30.727272727272727,0.0,0.8784041197369878
IND421302AAG>IND400102AAB,33,33,IND421302AAG,IND400102AAB,Bhiwandi_Mankoli_HB (Maharashtra),Mumbai_Jogeshwri_L (Maharashtra),Bhiwandi,Mumbai,Maharashtra,Maharashtra,30.682689372421944,33.884232321398144,2.7875034797323655,2.3076923076923075,50.54545454545455,36.0,28.03030303030303,78.57575757575758,32.61991515151515,218.72727272727272,0.0,0.929778465830968
IND000000ACB>IND421302AAG,33,33,IND000000ACB,IND421302AAG,Gurgaon_Bilaspur_HB (Haryana),Bhiwandi_Mankoli_HB (Maharashtra),Gurgaon,Bhiwandi,Haryana,Maharashtra,22.324878530014534,15.367974504315297,1.9757656067441633,1.9273858921161826,939.5454545454545,894.0,962.8484848484849,1902.3939393939395,1322.5966787878788,272.72727272727275,1.0,0.676511470606501
IND110043AAA>IND110078AAA,33,33,IND110043AAA,IND110078AAA,Delhi_Nangli_IP (Delhi),Janakpuri (Delhi),Delhi,,Delhi,Delhi,20.118647703958857,15.555282303167738,1.9339618659776765,1.7,19.90909090909091,14.0,21.303030303030305,41.21212121212121,18.643554545454545,36.09090909090909,0.0,0.6096559910290562
IND411036AAA>IND411033AAA,33,33,IND411036AAA,IND411033AAA,Pune_Mundhawa_L (Maharashtra),Pune_Tathawde_H (Maharashtra),Pune,Pune,Maharashtra,Maharashtra,29.05862727190032,30.466726068198763,2.6194452534967674,2.310344827586207,46.84848484848485,38.0,29.242424242424242,76.0909090909091,28.38199696969697,196.4848484848485,0.0,0.8805644627848582
IND501359AAE>IND500010AAB,33,33,IND501359AAE,IND500010AAB,Hyderabad_Shamshbd_H (Telangana),Hyderabad_Alwal_L (Telangana),Hyderabad,Hyderabad,Telangana,Telangana,38.22475571160636,51.527517959999244,3.8064740400222954,2.871794871794872,110.36363636363636,74.0,39.81818181818182,150.1818181818182,48.108472727272726,223.84848484848484,0.0,1.1583259306547382
IND560300AAA>IND560043AAC,33,33,IND560300AAA,IND560043AAC,Bengaluru_KGAirprt_HB (Karnataka),HBR Layout PC (Karnataka),Bengaluru,,Karnataka,Karnataka,10.591529018945515,6.352604408338678,1.4477996672151794,1.1875,13.93939393939394,6.0,31.363636363636363,45.303030303030305,29.715054545454546,43.696969696969695,0.0,0.3209554248165308
IND000000ACK>IND501359AAF,32,32,IND000000ACK,IND501359AAF,Hyderabad_Chikdply_C (Telangana),Hyderabad_Shamshbd_P (Telangana),Hyderabad,Hyderabad,Telangana,Telangana,39.36180892533758,49.88562696967041,3.5021508037633615,3.2,52.71875,48.0,21.09375,73.8125,26.295875000000002,66.78125,0.0,1.2300565289167993
IND380021AAA>IND382430AAB,32,32,IND380021AAA,IND382430AAB,AMD_Rakhial (Gujarat),Ahmedabad_East_H_1 (Gujarat),AMD,Ahmedabad,Gujarat,Gujarat,43.90708949662191,73.64324590869543,5.177051637598513,3.1666666666666665,50.375,25.0,12.53125,62.90625,16.419890625,59.53125,0.0,1.3720965467694346
IND411021AAA>IND411033AAA,32,32,IND411021AAA,IND411033AAA,PNQ Pashan DPC (Maharashtra),Pune_Tathawde_H (Maharashtra),,Pune,Maharashtra,Maharashtra,25.49067381179309,39.86248613797354,3.1318317099567103,2.0,31.0,15.0,13.75,44.75,12.012865625,76.03125,0.0,0.7965835566185341
IND411033AAA>IND411036AAA,32,32,IND411033AAA,IND411036AAA,Pune_Tathawde_H (Maharashtra),Pune_Mundhawa_L (Maharashtra),Pune,Pune,Maharashtra,Maharashtra,24.70111885617522,25.79446316158733,2.4593096139971142,1.7857142857142858,41.34375,22.0,28.375,69.71875,26.039362500000003,159.875,0.0,0.7719099642554756
IND600056AAB>IND600008AAC,32,32,IND600056AAB,IND600008AAC,MAA_Poonamallee_HB (Tamil Nadu),Chennai_Egmore_DPC (Tamil Nadu),MAA,Chennai,Tamil Nadu,Tamil Nadu,35.05869453159646,43.3221054703824,3.2303741923801668,3.0,76.84375,66.0,34.21875,111.0625,43.6095,78.6875,0.0,1.0955842041123893
IND401104AAA>IND400072AAB,31,31,IND401104AAA,IND400072AAB,Mumbai_MiraRd_IP (Maharashtra),Mumbai Hub (Maharashtra),Mumbai,,Maharashtra,Maharashtra,41.94272780776923,66.00180363223666,4.533776091081593,2.875,56.38709677419355,30.0,15.903225806451612,72.29032258064517,20.455151612903226,87.2258064516129,0.0,1.352991219605459
IND560099AAB>IND560060AAB,31,31,IND560099AAB,IND560060AAB,Bengaluru_Bomsndra_HB (Karnataka),Bengaluru_Kengeri_IP (Karnataka),Bengaluru,Bengaluru,Karnataka,Karnataka,12.64329281387515,7.509921516961567,1.567540565738714,1.375,18.774193548387096,12.0,32.935483870967744,51.70967741935484,32.084964516129034,81.41935483870968,0.0,0.40784815528629514
IND000000ACB>IND121004AAB,31,31,IND000000ACB,IND121004AAB,Gurgaon_Bilaspur_HB (Haryana),FBD_Balabhgarh_DPC (Haryana),Gurgaon,FBD,Haryana,Haryana,19.602303247900547,13.264187013664332,1.9097373392736299,1.796875,59.25806451612903,51.0,65.03225806451613,124.29032258064517,77.9463806451613,71.74193548387096,0.0,0.6323323628355015
IND421302AAG>IND400015AAB,31,31,IND421302AAG,IND400015AAB,Bhiwandi_Mankoli_HB (Maharashtra),Mumbai_CotnGren_M (Maharashtra),Bhiwandi,Mumbai,Maharashtra,Maharashtra,27.338252623712854,26.770063629232276,2.5326042386428638,2.21875,47.61290322580645,39.0,31.06451612903226,78.6774193548387,42.1111129032258,218.19354838709677,0.0,0.881879116893963
IND560083AAB>IND562132AAA,31,31,IND560083AAB,IND562132AAA,Bengaluru_Bnnrghta_L (Karnataka),Bangalore_Nelmngla_H (Karnataka),Bengaluru,Bangalore,Karnataka,Karnataka,19.281733239468938,18.06592014688796,2.091614786813587,1.6590909090909092,47.645161290322584,29.0,43.25806451612903,90.90322580645162,41.28618709677419,121.12903225806451,0.0,0.6219913948215786
IND110044AAB>IND110030AAD,30,30,IND110044AAB,IND110030AAD,Del_Okhla_PC (Delhi),Delhi_Kishangarh_DPC (Delhi),Del,Delhi,Delhi,Delhi,16.031552469832015,10.81612153551221,1.7822883597883599,1.5714285714285714,12.1,9.0,15.233333333333333,27.333333333333332,13.561733333333333,55.56666666666667,0.0,0.5343850823277339
IND131028AAB>IND160002AAC,30,30,IND131028AAB,IND160002AAC,Sonipat_Kundli_H (Haryana),Chandigarh_Mehmdpur_H (Punjab),Sonipat,Chandigarh,Haryana,Punjab,17.20308524464712,10.282606014688273,1.7873658735686073,1.748091603053435,102.23333333333333,98.0,129.8,232.03333333333333,181.84010999999998,180.6,1.0,0.5734361748215707
IND382430AAB>IND395023AAA,30,30,IND382430AAB,IND395023AAA,Ahmedabad_East_H_1 (Gujarat),Surat_HUB (Gujarat),Ahmedabad,Surat,Gujarat,Gujarat,18.287473578569223,11.326568490234697,1.8451354244865068,1.8507462686567164,169.5,171.0,200.53333333333333,370.03333333333336,272.67158,356.1,1.0,0.6095824526189741
IND462022AAA>IND462011AAA,30,30,IND462022AAA,IND462011AAA,Bhopal_Trnsport_H (Madhya Pradesh),Bhopal MP Nagar (Madhya Pradesh),Bhopal,,Madhya Pradesh,Madhya Pradesh,29.051149158971704,30.3462810685864,2.7396150146150147,2.4166666666666665,21.3,17.0,11.9,33.2,12.83409,39.4,0.0,0.9683716386323902
IND712310AAE>IND712124AAA,30,30,IND712310AAE,IND712124AAA,Kolkata_North_I_4 (West Bengal),Hooghly_DC (West Bengal),Kolkata,Hooghly,West Bengal,West Bengal,39.345789267326566,53.89607220391841,3.8607045391255914,3.6842105263157894,54.0,50.0,18.933333333333334,72.93333333333334,19.133736666666664,55.666666666666664,0.0,1.3115263089108855
IND712311AAA>IND700088AAA,30,30,IND712311AAA,IND700088AAA,Kolkata_Dankuni_HB (West Bengal),Kolkata_TrtllaRD_L (West Bengal),Kolkata,Kolkata,West Bengal,West Bengal,42.92275134804634,68.71158648795682,4.774597938350256,3.4827586206896552,113.36666666666666,72.0,29.666666666666668,143.03333333333333,29.76531,225.9,0.0,1.4307583782682114
IND000000ACB>IND302014AAA,30,30,IND000000ACB,IND302014AAA,Gurgaon_Bilaspur_HB (Haryana),Jaipur_Hub (Rajasthan),Gurgaon,Jaipur,Haryana,Rajasthan,18.850387904197646,12.022659519912596,1.880046303974353,1.8705882352941177,148.36666666666667,148.0,168.63333333333333,317.0,221.29401333333334,249.23333333333332,1.0,0.6283462634732548
IND421302AAG>IND562132AAA,30,30,IND421302AAG,IND562132AAA,Bhiwandi_Mankoli_HB (Maharashtra),Bangalore_Nelmngla_H (Karnataka),Bhiwandi,Bangalore,Maharashtra,Karnataka,18.95574091409262,12.394312331333511,1.8953828010525002,1.8577464788732394,635.3333333333334,609.0,709.6333333333333,1344.9666666666667,969.2957833333332,272.6,1.0,0.631858030469754
