seq,shipment_ref,corridor_id,source_center,dest_center,route_type,document_date,error_types,bol_pdf,bol_label_json,bol_scan_jpg,invoice_pdf,invoice_label_json,invoice_scan_jpg
1,SHP-000001,IND209625AAA>IND241124AAB,IND209625AAA,IND241124AAB,FTL,2018-07-24,,w3_00001_bol.pdf,w3_00001_bol.json,w3_00001_bol_scan.jpg,w3_00001_invoice.pdf,w3_00001_invoice.json,w3_00001_invoice_scan.jpg
2,SHP-000002,IND731204AAB>IND731301AAA,IND731204AAB,IND731301AAA,FTL,2018-08-24,,w3_00002_bol.pdf,w3_00002_bol.json,w3_00002_bol_scan.jpg,w3_00002_invoice.pdf,w3_00002_invoice.json,w3_00002_invoice_scan.jpg
3,SHP-000003,IND244901AAB>IND244301AAA,IND244901AAB,IND244301AAA,FTL,2018-09-26,,w3_00003_bol.pdf,w3_00003_bol.json,w3_00003_bol_scan.jpg,w3_00003_invoice.pdf,w3_00003_invoice.json,w3_00003_invoice_scan.jpg
4,SHP-000004,IND609602AAA>IND611001AAA,IND609602AAA,IND611001AAA,FTL,2018-09-23,,w3_00004_bol.pdf,w3_00004_bol.json,w3_00004_bol_scan.jpg,w3_00004_invoice.pdf,w3_00004_invoice.json,w3_00004_invoice_scan.jpg
5,SHP-000005,IND144001AAA>IND144040AAA,IND144001AAA,IND144040AAA,FTL,2018-08-13,,w3_00005_bol.pdf,w3_00005_bol.json,w3_00005_bol_scan.jpg,w3_00005_invoice.pdf,w3_00005_invoice.json,w3_00005_invoice_scan.jpg
6,SHP-000006,IND306401AAB>IND302014AAA,IND306401AAB,IND302014AAA,FTL,2018-07-27,,w3_00006_bol.pdf,w3_00006_bol.json,w3_00006_bol_scan.jpg,w3_00006_invoice.pdf,w3_00006_invoice.json,w3_00006_invoice_scan.jpg
7,SHP-000007,IND721253AAC>IND721306AAA,IND721253AAC,IND721306AAA,FTL,2018-07-15,,w3_00007_bol.pdf,w3_00007_bol.json,w3_00007_bol_scan.jpg,w3_00007_invoice.pdf,w3_00007_invoice.json,w3_00007_invoice_scan.jpg
8,SHP-000008,IND140001AAA>IND140118AAA,IND140001AAA,IND140118AAA,FTL,2018-08-04,ocr_confusable_corruption,w3_00008_bol.pdf,w3_00008_bol.json,w3_00008_bol_scan.jpg,w3_00008_invoice.pdf,w3_00008_invoice.json,w3_00008_invoice_scan.jpg
9,SHP-000009,IND560099AAB>IND560002AAA,IND560099AAB,IND560002AAA,Carting,2018-10-03,duplicate_document_number,w3_00009_bol.pdf,w3_00009_bol.json,w3_00009_bol_scan.jpg,w3_00009_invoice.pdf,w3_00009_invoice.json,w3_00009_invoice_scan.jpg
10,SHP-000010,IND431136AAC>IND431203AAA,IND431136AAC,IND431203AAA,Carting,2018-10-04,,w3_00010_bol.pdf,w3_00010_bol.json,w3_00010_bol_scan.jpg,w3_00010_invoice.pdf,w3_00010_invoice.json,w3_00010_invoice_scan.jpg
11,SHP-000011,IND515591AAA>IND516269AAA,IND515591AAA,IND516269AAA,FTL,2018-10-03,,w3_00011_bol.pdf,w3_00011_bol.json,w3_00011_bol_scan.jpg,w3_00011_invoice.pdf,w3_00011_invoice.json,w3_00011_invoice_scan.jpg
12,SHP-000012,IND000000AFJ>IND695121AAA,IND000000AFJ,IND695121AAA,Carting,2018-10-07,,w3_00012_bol.pdf,w3_00012_bol.json,w3_00012_bol_scan.jpg,w3_00012_invoice.pdf,w3_00012_invoice.json,w3_00012_invoice_scan.jpg
13,SHP-000013,IND683572AAA>IND680307AAA,IND683572AAA,IND680307AAA,Carting,2018-08-11,,w3_00013_bol.pdf,w3_00013_bol.json,w3_00013_bol_scan.jpg,w3_00013_invoice.pdf,w3_00013_invoice.json,w3_00013_invoice_scan.jpg
14,SHP-000014,IND562132AAA>IND560078AAC,IND562132AAA,IND560078AAC,Carting,2018-09-04,,w3_00014_bol.pdf,w3_00014_bol.json,w3_00014_bol_scan.jpg,w3_00014_invoice.pdf,w3_00014_invoice.json,w3_00014_invoice_scan.jpg
15,SHP-000015,IND852201AAA>IND852113AAA,IND852201AAA,IND852113AAA,FTL,2018-07-27,,w3_00015_bol.pdf,w3_00015_bol.json,w3_00015_bol_scan.jpg,w3_00015_invoice.pdf,w3_00015_invoice.json,w3_00015_invoice_scan.jpg
16,SHP-000016,IND303301AAB>IND303303AAA,IND303301AAB,IND303303AAA,Carting,2018-08-08,,w3_00016_bol.pdf,w3_00016_bol.json,w3_00016_bol_scan.jpg,w3_00016_invoice.pdf,w3_00016_invoice.json,w3_00016_invoice_scan.jpg
17,SHP-000017,IND401209AAB>IND421302AAH,IND401209AAB,IND421302AAH,Carting,2018-09-05,,w3_00017_bol.pdf,w3_00017_bol.json,w3_00017_bol_scan.jpg,w3_00017_invoice.pdf,w3_00017_invoice.json,w3_00017_invoice_scan.jpg
18,SHP-000018,IND642001AAA>IND641062AAD,IND642001AAA,IND641062AAD,Carting,2018-09-01,,w3_00018_bol.pdf,w3_00018_bol.json,w3_00018_bol_scan.jpg,w3_00018_invoice.pdf,w3_00018_invoice.json,w3_00018_invoice_scan.jpg
19,SHP-000019,IND606201AAC>IND605601AAA,IND606201AAC,IND605601AAA,Carting,2018-09-17,,w3_00019_bol.pdf,w3_00019_bol.json,w3_00019_bol_scan.jpg,w3_00019_invoice.pdf,w3_00019_invoice.json,w3_00019_invoice_scan.jpg
20,SHP-000020,IND637211AAA>IND636402AAA,IND637211AAA,IND636402AAA,Carting,2018-08-05,,w3_00020_bol.pdf,w3_00020_bol.json,w3_00020_bol_scan.jpg,w3_00020_invoice.pdf,w3_00020_invoice.json,w3_00020_invoice_scan.jpg
21,SHP-000021,IND614620AAA>IND630561AAA,IND614620AAA,IND630561AAA,Carting,2018-08-18,duplicate_document_number,w3_00021_bol.pdf,w3_00021_bol.json,w3_00021_bol_scan.jpg,w3_00021_invoice.pdf,w3_00021_invoice.json,w3_00021_invoice_scan.jpg
22,SHP-000022,IND302014AAB>IND303301AAB,IND302014AAB,IND303301AAB,Carting,2018-09-24,,w3_00022_bol.pdf,w3_00022_bol.json,w3_00022_bol_scan.jpg,w3_00022_invoice.pdf,w3_00022_invoice.json,w3_00022_invoice_scan.jpg
23,SHP-000023,IND562132AAA>IND583101AAA,IND562132AAA,IND583101AAA,FTL,2018-10-01,,w3_00023_bol.pdf,w3_00023_bol.json,w3_00023_bol_scan.jpg,w3_00023_invoice.pdf,w3_00023_invoice.json,w3_00023_invoice_scan.jpg
24,SHP-000024,IND140301AAA>IND140901AAA,IND140301AAA,IND140901AAA,Carting,2018-08-15,,w3_00024_bol.pdf,w3_00024_bol.json,w3_00024_bol_scan.jpg,w3_00024_invoice.pdf,w3_00024_invoice.json,w3_00024_invoice_scan.jpg
25,SHP-000025,IND141109AAA>IND000000ACA,IND141109AAA,IND000000ACA,FTL,2018-09-10,missing_field,w3_00025_bol.pdf,w3_00025_bol.json,w3_00025_bol_scan.jpg,w3_00025_invoice.pdf,w3_00025_invoice.json,w3_00025_invoice_scan.jpg
26,SHP-000026,IND421302AAG>IND110037AAM,IND421302AAG,IND110037AAM,FTL,2018-08-06,,w3_00026_bol.pdf,w3_00026_bol.json,w3_00026_bol_scan.jpg,w3_00026_invoice.pdf,w3_00026_invoice.json,w3_00026_invoice_scan.jpg
27,SHP-000027,IND302014AAA>IND301001AAB,IND302014AAA,IND301001AAB,FTL,2018-07-29,,w3_00027_bol.pdf,w3_00027_bol.json,w3_00027_bol_scan.jpg,w3_00027_invoice.pdf,w3_00027_invoice.json,w3_00027_invoice_scan.jpg
28,SHP-000028,IND273304AAA>IND273014AAB,IND273304AAA,IND273014AAB,Carting,2018-09-05,,w3_00028_bol.pdf,w3_00028_bol.json,w3_00028_bol_scan.jpg,w3_00028_invoice.pdf,w3_00028_invoice.json,w3_00028_invoice_scan.jpg
29,SHP-000029,IND400015AAA>IND400072AAB,IND400015AAA,IND400072AAB,Carting,2018-08-26,,w3_00029_bol.pdf,w3_00029_bol.json,w3_00029_bol_scan.jpg,w3_00029_invoice.pdf,w3_00029_invoice.json,w3_00029_invoice_scan.jpg
30,SHP-000030,IND000000ACB>IND562132AAA,IND000000ACB,IND562132AAA,FTL,2018-09-14,total_mismatch,w3_00030_bol.pdf,w3_00030_bol.json,w3_00030_bol_scan.jpg,w3_00030_invoice.pdf,w3_00030_invoice.json,w3_00030_invoice_scan.jpg
31,SHP-000031,IND341503AAB>IND341510AAB,IND341503AAB,IND341510AAB,FTL,2018-08-21,,w3_00031_bol.pdf,w3_00031_bol.json,w3_00031_bol_scan.jpg,w3_00031_invoice.pdf,w3_00031_invoice.json,w3_00031_invoice_scan.jpg
32,SHP-000032,IND209304AAA>IND212601AAA,IND209304AAA,IND212601AAA,FTL,2018-08-13,total_mismatch,w3_00032_bol.pdf,w3_00032_bol.json,w3_00032_bol_scan.jpg,w3_00032_invoice.pdf,w3_00032_invoice.json,w3_00032_invoice_scan.jpg
33,SHP-000033,IND515004AAA>IND501359AAE,IND515004AAA,IND501359AAE,FTL,2018-09-01,,w3_00033_bol.pdf,w3_00033_bol.json,w3_00033_bol_scan.jpg,w3_00033_invoice.pdf,w3_00033_invoice.json,w3_00033_invoice_scan.jpg
34,SHP-000034,IND388320AAA>IND387001AAA,IND388320AAA,IND387001AAA,Carting,2018-08-10,,w3_00034_bol.pdf,w3_00034_bol.json,w3_00034_bol_scan.jpg,w3_00034_invoice.pdf,w3_00034_invoice.json,w3_00034_invoice_scan.jpg
35,SHP-000035,IND524201AAA>IND523002AAA,IND524201AAA,IND523002AAA,FTL,2018-08-17,,w3_00035_bol.pdf,w3_00035_bol.json,w3_00035_bol_scan.jpg,w3_00035_invoice.pdf,w3_00035_invoice.json,w3_00035_invoice_scan.jpg
36,SHP-000036,IND400011AAA>IND400072AAD,IND400011AAA,IND400072AAD,Carting,2018-08-13,,w3_00036_bol.pdf,w3_00036_bol.json,w3_00036_bol_scan.jpg,w3_00036_invoice.pdf,w3_00036_invoice.json,w3_00036_invoice_scan.jpg
37,SHP-000037,IND361001AAA>IND361305AAC,IND361001AAA,IND361305AAC,FTL,2018-09-18,,w3_00037_bol.pdf,w3_00037_bol.json,w3_00037_bol_scan.jpg,w3_00037_invoice.pdf,w3_00037_invoice.json,w3_00037_invoice_scan.jpg
38,SHP-000038,IND400072AAD>IND421302AAG,IND400072AAD,IND421302AAG,Carting,2018-09-21,,w3_00038_bol.pdf,w3_00038_bol.json,w3_00038_bol_scan.jpg,w3_00038_invoice.pdf,w3_00038_invoice.json,w3_00038_invoice_scan.jpg
39,SHP-000039,IND000000ACB>IND842001AAA,IND000000ACB,IND842001AAA,FTL,2018-08-26,,w3_00039_bol.pdf,w3_00039_bol.json,w3_00039_bol_scan.jpg,w3_00039_invoice.pdf,w3_00039_invoice.json,w3_00039_invoice_scan.jpg
40,SHP-000040,IND712103AAA>IND712310AAE,IND712103AAA,IND712310AAE,Carting,2018-07-23,,w3_00040_bol.pdf,w3_00040_bol.json,w3_00040_bol_scan.jpg,w3_00040_invoice.pdf,w3_00040_invoice.json,w3_00040_invoice_scan.jpg
41,SHP-000041,IND591123AAC>IND587103AAB,IND591123AAC,IND587103AAB,FTL,2018-09-20,,w3_00041_bol.pdf,w3_00041_bol.json,w3_00041_bol_scan.jpg,w3_00041_invoice.pdf,w3_00041_invoice.json,w3_00041_invoice_scan.jpg
42,SHP-000042,IND140901AAA>IND160002AAC,IND140901AAA,IND160002AAC,Carting,2018-07-14,,w3_00042_bol.pdf,w3_00042_bol.json,w3_00042_bol_scan.jpg,w3_00042_invoice.pdf,w3_00042_invoice.json,w3_00042_invoice_scan.jpg
43,SHP-000043,IND243301AAB>IND244901AAB,IND243301AAB,IND244901AAB,FTL,2018-09-28,,w3_00043_bol.pdf,w3_00043_bol.json,w3_00043_bol_scan.jpg,w3_00043_invoice.pdf,w3_00043_invoice.json,w3_00043_invoice_scan.jpg
44,SHP-000044,IND122004AAA>IND122413AAE,IND122004AAA,IND122413AAE,Carting,2018-09-12,,w3_00044_bol.pdf,w3_00044_bol.json,w3_00044_bol_scan.jpg,w3_00044_invoice.pdf,w3_00044_invoice.json,w3_00044_invoice_scan.jpg
45,SHP-000045,IND843126AAA>IND842001AAA,IND843126AAA,IND842001AAA,Carting,2018-07-24,,w3_00045_bol.pdf,w3_00045_bol.json,w3_00045_bol_scan.jpg,w3_00045_invoice.pdf,w3_00045_invoice.json,w3_00045_invoice_scan.jpg
46,SHP-000046,IND600008AAA>IND600044AAC,IND600008AAA,IND600044AAC,Carting,2018-09-23,,w3_00046_bol.pdf,w3_00046_bol.json,w3_00046_bol_scan.jpg,w3_00046_invoice.pdf,w3_00046_invoice.json,w3_00046_invoice_scan.jpg
47,SHP-000047,IND614018AAA>IND613104AAA,IND614018AAA,IND613104AAA,FTL,2018-07-16,,w3_00047_bol.pdf,w3_00047_bol.json,w3_00047_bol_scan.jpg,w3_00047_invoice.pdf,w3_00047_invoice.json,w3_00047_invoice_scan.jpg
48,SHP-000048,IND721212AAA>IND712310AAE,IND721212AAA,IND712310AAE,Carting,2018-08-22,,w3_00048_bol.pdf,w3_00048_bol.json,w3_00048_bol_scan.jpg,w3_00048_invoice.pdf,w3_00048_invoice.json,w3_00048_invoice_scan.jpg
49,SHP-000049,IND121102AAA>IND121004AAB,IND121102AAA,IND121004AAB,Carting,2018-08-23,,w3_00049_bol.pdf,w3_00049_bol.json,w3_00049_bol_scan.jpg,w3_00049_invoice.pdf,w3_00049_invoice.json,w3_00049_invoice_scan.jpg
50,SHP-000050,IND416012AAA>IND395023AAA,IND416012AAA,IND395023AAA,FTL,2018-09-17,,w3_00050_bol.pdf,w3_00050_bol.json,w3_00050_bol_scan.jpg,w3_00050_invoice.pdf,w3_00050_invoice.json,w3_00050_invoice_scan.jpg
51,SHP-000051,IND411033AAA>IND000000ACB,IND411033AAA,IND000000ACB,FTL,2018-09-14,,w3_00051_bol.pdf,w3_00051_bol.json,w3_00051_bol_scan.jpg,w3_00051_invoice.pdf,w3_00051_invoice.json,w3_00051_invoice_scan.jpg
52,SHP-000052,IND160102AAD>IND160002AAC,IND160102AAD,IND160002AAC,Carting,2018-07-30,missing_field,w3_00052_bol.pdf,w3_00052_bol.json,w3_00052_bol_scan.jpg,w3_00052_invoice.pdf,w3_00052_invoice.json,w3_00052_invoice_scan.jpg
53,SHP-000053,IND411033AAA>IND421302AAG,IND411033AAA,IND421302AAG,FTL,2018-07-21,,w3_00053_bol.pdf,w3_00053_bol.json,w3_00053_bol_scan.jpg,w3_00053_invoice.pdf,w3_00053_invoice.json,w3_00053_invoice_scan.jpg
54,SHP-000054,IND441912AAA>IND441107AAB,IND441912AAA,IND441107AAB,Carting,2018-08-03,,w3_00054_bol.pdf,w3_00054_bol.json,w3_00054_bol_scan.jpg,w3_00054_invoice.pdf,w3_00054_invoice.json,w3_00054_invoice_scan.jpg
55,SHP-000055,IND560300AAA>IND560058AAB,IND560300AAA,IND560058AAB,Carting,2018-09-12,,w3_00055_bol.pdf,w3_00055_bol.json,w3_00055_bol_scan.jpg,w3_00055_invoice.pdf,w3_00055_invoice.json,w3_00055_invoice_scan.jpg
56,SHP-000056,IND000000ACB>IND521225AAB,IND000000ACB,IND521225AAB,FTL,2018-07-18,,w3_00056_bol.pdf,w3_00056_bol.json,w3_00056_bol_scan.jpg,w3_00056_invoice.pdf,w3_00056_invoice.json,w3_00056_invoice_scan.jpg
57,SHP-000057,IND695121AAA>IND695572AAB,IND695121AAA,IND695572AAB,Carting,2018-07-14,,w3_00057_bol.pdf,w3_00057_bol.json,w3_00057_bol_scan.jpg,w3_00057_invoice.pdf,w3_00057_invoice.json,w3_00057_invoice_scan.jpg
58,SHP-000058,IND742223AAA>IND742226AAA,IND742223AAA,IND742226AAA,Carting,2018-07-28,,w3_00058_bol.pdf,w3_00058_bol.json,w3_00058_bol_scan.jpg,w3_00058_invoice.pdf,w3_00058_invoice.json,w3_00058_invoice_scan.jpg
59,SHP-000059,IND683511AAA>IND000000ABA,IND683511AAA,IND000000ABA,Carting,2018-07-27,total_mismatch,w3_00059_bol.pdf,w3_00059_bol.json,w3_00059_bol_scan.jpg,w3_00059_invoice.pdf,w3_00059_invoice.json,w3_00059_invoice_scan.jpg
60,SHP-000060,IND562132AAA>IND577598AAC,IND562132AAA,IND577598AAC,FTL,2018-09-21,missing_field,w3_00060_bol.pdf,w3_00060_bol.json,w3_00060_bol_scan.jpg,w3_00060_invoice.pdf,w3_00060_invoice.json,w3_00060_invoice_scan.jpg
61,SHP-000061,IND506314AAA>IND506002AAA,IND506314AAA,IND506002AAA,FTL,2018-08-24,,w3_00061_bol.pdf,w3_00061_bol.json,w3_00061_bol_scan.jpg,w3_00061_invoice.pdf,w3_00061_invoice.json,w3_00061_invoice_scan.jpg
62,SHP-000062,IND756100AAC>IND758034AAA,IND756100AAC,IND758034AAA,FTL,2018-09-07,,w3_00062_bol.pdf,w3_00062_bol.json,w3_00062_bol_scan.jpg,w3_00062_invoice.pdf,w3_00062_invoice.json,w3_00062_invoice_scan.jpg
63,SHP-000063,IND201301AAM>IND000000ACB,IND201301AAM,IND000000ACB,Carting,2018-07-26,,w3_00063_bol.pdf,w3_00063_bol.json,w3_00063_bol_scan.jpg,w3_00063_invoice.pdf,w3_00063_invoice.json,w3_00063_invoice_scan.jpg
64,SHP-000064,IND462022AAA>IND462011AAA,IND462022AAA,IND462011AAA,Carting,2018-09-17,,w3_00064_bol.pdf,w3_00064_bol.json,w3_00064_bol_scan.jpg,w3_00064_invoice.pdf,w3_00064_invoice.json,w3_00064_invoice_scan.jpg
65,SHP-000065,IND302014AAA>IND000000ACB,IND302014AAA,IND000000ACB,FTL,2018-08-04,,w3_00065_bol.pdf,w3_00065_bol.json,w3_00065_bol_scan.jpg,w3_00065_invoice.pdf,w3_00065_invoice.json,w3_00065_invoice_scan.jpg
66,SHP-000066,IND421302AAG>IND400701AAB,IND421302AAG,IND400701AAB,Carting,2018-08-18,,w3_00066_bol.pdf,w3_00066_bol.json,w3_00066_bol_scan.jpg,w3_00066_invoice.pdf,w3_00066_invoice.json,w3_00066_invoice_scan.jpg
67,SHP-000067,IND783301AAA>IND783348AAA,IND783301AAA,IND783348AAA,FTL,2018-10-08,,w3_00067_bol.pdf,w3_00067_bol.json,w3_00067_bol_scan.jpg,w3_00067_invoice.pdf,w3_00067_invoice.json,w3_00067_invoice_scan.jpg
68,SHP-000068,IND571430AAA>IND571124AAA,IND571430AAA,IND571124AAA,FTL,2018-08-09,,w3_00068_bol.pdf,w3_00068_bol.json,w3_00068_bol_scan.jpg,w3_00068_invoice.pdf,w3_00068_invoice.json,w3_00068_invoice_scan.jpg
69,SHP-000069,IND712311AAA>IND700028AAB,IND712311AAA,IND700028AAB,Carting,2018-07-12,,w3_00069_bol.pdf,w3_00069_bol.json,w3_00069_bol_scan.jpg,w3_00069_invoice.pdf,w3_00069_invoice.json,w3_00069_invoice_scan.jpg
70,SHP-000070,IND742102AAB>IND742303AAB,IND742102AAB,IND742303AAB,Carting,2018-07-26,ocr_confusable_corruption,w3_00070_bol.pdf,w3_00070_bol.json,w3_00070_bol_scan.jpg,w3_00070_invoice.pdf,w3_00070_invoice.json,w3_00070_invoice_scan.jpg
71,SHP-000071,IND600110AAA>IND600056AAB,IND600110AAA,IND600056AAB,Carting,2018-09-19,ocr_confusable_corruption,w3_00071_bol.pdf,w3_00071_bol.json,w3_00071_bol_scan.jpg,w3_00071_invoice.pdf,w3_00071_invoice.json,w3_00071_invoice_scan.jpg
72,SHP-000072,IND530012AAA>IND530043AAA,IND530012AAA,IND530043AAA,Carting,2018-07-19,corridor_mismatch,w3_00072_bol.pdf,w3_00072_bol.json,w3_00072_bol_scan.jpg,w3_00072_invoice.pdf,w3_00072_invoice.json,w3_00072_invoice_scan.jpg
73,SHP-000073,IND160002AAC>IND131028AAB,IND160002AAC,IND131028AAB,FTL,2018-08-28,,w3_00073_bol.pdf,w3_00073_bol.json,w3_00073_bol_scan.jpg,w3_00073_invoice.pdf,w3_00073_invoice.json,w3_00073_invoice_scan.jpg
74,SHP-000074,IND508207AAB>IND521225AAB,IND508207AAB,IND521225AAB,FTL,2018-09-22,,w3_00074_bol.pdf,w3_00074_bol.json,w3_00074_bol_scan.jpg,w3_00074_invoice.pdf,w3_00074_invoice.json,w3_00074_invoice_scan.jpg
75,SHP-000075,IND614616AAA>IND630002AAA,IND614616AAA,IND630002AAA,FTL,2018-08-08,,w3_00075_bol.pdf,w3_00075_bol.json,w3_00075_bol_scan.jpg,w3_00075_invoice.pdf,w3_00075_invoice.json,w3_00075_invoice_scan.jpg
76,SHP-000076,IND396321AAA>IND396580AAB,IND396321AAA,IND396580AAB,Carting,2018-08-06,,w3_00076_bol.pdf,w3_00076_bol.json,w3_00076_bol_scan.jpg,w3_00076_invoice.pdf,w3_00076_invoice.json,w3_00076_invoice_scan.jpg
77,SHP-000077,IND600016AAB>IND600044AAC,IND600016AAB,IND600044AAC,Carting,2018-07-16,,w3_00077_bol.pdf,w3_00077_bol.json,w3_00077_bol_scan.jpg,w3_00077_invoice.pdf,w3_00077_invoice.json,w3_00077_invoice_scan.jpg
78,SHP-000078,IND273014AAB>IND277303AAC,IND273014AAB,IND277303AAC,FTL,2018-10-01,,w3_00078_bol.pdf,w3_00078_bol.json,w3_00078_bol_scan.jpg,w3_00078_invoice.pdf,w3_00078_invoice.json,w3_00078_invoice_scan.jpg
79,SHP-000079,IND274301AAB>IND273014AAB,IND274301AAB,IND273014AAB,FTL,2018-10-08,,w3_00079_bol.pdf,w3_00079_bol.json,w3_00079_bol_scan.jpg,w3_00079_invoice.pdf,w3_00079_invoice.json,w3_00079_invoice_scan.jpg
80,SHP-000080,IND110014AAA>IND110024AAA,IND110014AAA,IND110024AAA,Carting,2018-07-21,duplicate_document_number,w3_00080_bol.pdf,w3_00080_bol.json,w3_00080_bol_scan.jpg,w3_00080_invoice.pdf,w3_00080_invoice.json,w3_00080_invoice_scan.jpg
81,SHP-000081,IND713130AAA>IND741123AAB,IND713130AAA,IND741123AAB,Carting,2018-08-22,,w3_00081_bol.pdf,w3_00081_bol.json,w3_00081_bol_scan.jpg,w3_00081_invoice.pdf,w3_00081_invoice.json,w3_00081_invoice_scan.jpg
82,SHP-000082,IND562132AAA>IND000000ACB,IND562132AAA,IND000000ACB,FTL,2018-08-17,,w3_00082_bol.pdf,w3_00082_bol.json,w3_00082_bol_scan.jpg,w3_00082_invoice.pdf,w3_00082_invoice.json,w3_00082_invoice_scan.jpg
83,SHP-000083,IND580028AAA>IND591123AAC,IND580028AAA,IND591123AAC,FTL,2018-08-21,ocr_confusable_corruption,w3_00083_bol.pdf,w3_00083_bol.json,w3_00083_bol_scan.jpg,w3_00083_invoice.pdf,w3_00083_invoice.json,w3_00083_invoice_scan.jpg
84,SHP-000084,IND606801AAB>IND632006AAA,IND606801AAB,IND632006AAA,FTL,2018-09-07,,w3_00084_bol.pdf,w3_00084_bol.json,w3_00084_bol_scan.jpg,w3_00084_invoice.pdf,w3_00084_invoice.json,w3_00084_invoice_scan.jpg
85,SHP-000085,IND212601AAA>IND210001AAA,IND212601AAA,IND210001AAA,FTL,2018-09-19,,w3_00085_bol.pdf,w3_00085_bol.json,w3_00085_bol_scan.jpg,w3_00085_invoice.pdf,w3_00085_invoice.json,w3_00085_invoice_scan.jpg
86,SHP-000086,IND151001AAA>IND151302AAA,IND151001AAA,IND151302AAA,FTL,2018-07-21,total_mismatch,w3_00086_bol.pdf,w3_00086_bol.json,w3_00086_bol_scan.jpg,w3_00086_invoice.pdf,w3_00086_invoice.json,w3_00086_invoice_scan.jpg
87,SHP-000087,IND563101AAB>IND563131AAA,IND563101AAB,IND563131AAA,Carting,2018-07-29,,w3_00087_bol.pdf,w3_00087_bol.json,w3_00087_bol_scan.jpg,w3_00087_invoice.pdf,w3_00087_invoice.json,w3_00087_invoice_scan.jpg
88,SHP-000088,IND473001AAA>IND473331AAA,IND473001AAA,IND473331AAA,FTL,2018-08-03,corridor_mismatch,w3_00088_bol.pdf,w3_00088_bol.json,w3_00088_bol_scan.jpg,w3_00088_invoice.pdf,w3_00088_invoice.json,w3_00088_invoice_scan.jpg
89,SHP-000089,IND582101AAB>IND580028AAA,IND582101AAB,IND580028AAA,FTL,2018-09-27,,w3_00089_bol.pdf,w3_00089_bol.json,w3_00089_bol_scan.jpg,w3_00089_invoice.pdf,w3_00089_invoice.json,w3_00089_invoice_scan.jpg
90,SHP-000090,IND210501AAB>IND209304AAA,IND210501AAB,IND209304AAA,Carting,2018-09-06,,w3_00090_bol.pdf,w3_00090_bol.json,w3_00090_bol_scan.jpg,w3_00090_invoice.pdf,w3_00090_invoice.json,w3_00090_invoice_scan.jpg
91,SHP-000091,IND515761AAA>IND515004AAA,IND515761AAA,IND515004AAA,FTL,2018-09-18,,w3_00091_bol.pdf,w3_00091_bol.json,w3_00091_bol_scan.jpg,w3_00091_invoice.pdf,w3_00091_invoice.json,w3_00091_invoice_scan.jpg
92,SHP-000092,IND501359AAE>IND523002AAA,IND501359AAE,IND523002AAA,FTL,2018-08-01,,w3_00092_bol.pdf,w3_00092_bol.json,w3_00092_bol_scan.jpg,w3_00092_invoice.pdf,w3_00092_invoice.json,w3_00092_invoice_scan.jpg
93,SHP-000093,IND431603AAA>IND431708AAA,IND431603AAA,IND431708AAA,FTL,2018-09-11,,w3_00093_bol.pdf,w3_00093_bol.json,w3_00093_bol_scan.jpg,w3_00093_invoice.pdf,w3_00093_invoice.json,w3_00093_invoice_scan.jpg
94,SHP-000094,IND600076AAB>IND600032AAB,IND600076AAB,IND600032AAB,Carting,2018-09-03,,w3_00094_bol.pdf,w3_00094_bol.json,w3_00094_bol_scan.jpg,w3_00094_invoice.pdf,w3_00094_invoice.json,w3_00094_invoice_scan.jpg
95,SHP-000095,IND563131AAB>IND563116AAA,IND563131AAB,IND563116AAA,Carting,2018-09-03,,w3_00095_bol.pdf,w3_00095_bol.json,w3_00095_bol_scan.jpg,w3_00095_invoice.pdf,w3_00095_invoice.json,w3_00095_invoice_scan.jpg
96,SHP-000096,IND826004AAA>IND815351AAA,IND826004AAA,IND815351AAA,FTL,2018-07-23,ocr_confusable_corruption,w3_00096_bol.pdf,w3_00096_bol.json,w3_00096_bol_scan.jpg,w3_00096_invoice.pdf,w3_00096_invoice.json,w3_00096_invoice_scan.jpg
97,SHP-000097,IND144001AAB>IND000000ACA,IND144001AAB,IND000000ACA,FTL,2018-09-25,,w3_00097_bol.pdf,w3_00097_bol.json,w3_00097_bol_scan.jpg,w3_00097_invoice.pdf,w3_00097_invoice.json,w3_00097_invoice_scan.jpg
98,SHP-000098,IND395009AAA>IND395023AAD,IND395009AAA,IND395023AAD,Carting,2018-08-15,,w3_00098_bol.pdf,w3_00098_bol.json,w3_00098_bol_scan.jpg,w3_00098_invoice.pdf,w3_00098_invoice.json,w3_00098_invoice_scan.jpg
99,SHP-000099,IND560099AAB>IND560300AAA,IND560099AAB,IND560300AAA,Carting,2018-08-13,total_mismatch,w3_00099_bol.pdf,w3_00099_bol.json,w3_00099_bol_scan.jpg,w3_00099_invoice.pdf,w3_00099_invoice.json,w3_00099_invoice_scan.jpg
100,SHP-000100,IND571105AAA>IND571213AAA,IND571105AAA,IND571213AAA,FTL,2018-07-16,,w3_00100_bol.pdf,w3_00100_bol.json,w3_00100_bol_scan.jpg,w3_00100_invoice.pdf,w3_00100_invoice.json,w3_00100_invoice_scan.jpg
101,SHP-000101,IND321001AAA>IND321401AAB,IND321001AAA,IND321401AAB,FTL,2018-08-19,,w3_00101_bol.pdf,w3_00101_bol.json,w3_00101_bol_scan.jpg,w3_00101_invoice.pdf,w3_00101_invoice.json,w3_00101_invoice_scan.jpg
102,SHP-000102,IND843301AAA>IND843320AAA,IND843301AAA,IND843320AAA,FTL,2018-08-19,,w3_00102_bol.pdf,w3_00102_bol.json,w3_00102_bol_scan.jpg,w3_00102_invoice.pdf,w3_00102_invoice.json,w3_00102_invoice_scan.jpg
103,SHP-000103,IND362720AAA>IND362560AAA,IND362720AAA,IND362560AAA,Carting,2018-10-08,,w3_00103_bol.pdf,w3_00103_bol.json,w3_00103_bol_scan.jpg,w3_00103_invoice.pdf,w3_00103_invoice.json,w3_00103_invoice_scan.jpg
104,SHP-000104,IND723130AAA>IND723101AAA,IND723130AAA,IND723101AAA,FTL,2018-08-21,,w3_00104_bol.pdf,w3_00104_bol.json,w3_00104_bol_scan.jpg,w3_00104_invoice.pdf,w3_00104_invoice.json,w3_00104_invoice_scan.jpg
105,SHP-000105,IND508001AAA>IND501359AAE,IND508001AAA,IND501359AAE,FTL,2018-07-20,,w3_00105_bol.pdf,w3_00105_bol.json,w3_00105_bol_scan.jpg,w3_00105_invoice.pdf,w3_00105_invoice.json,w3_00105_invoice_scan.jpg
106,SHP-000106,IND403726AAA>IND411033AAA,IND403726AAA,IND411033AAA,FTL,2018-09-19,,w3_00106_bol.pdf,w3_00106_bol.json,w3_00106_bol_scan.jpg,w3_00106_invoice.pdf,w3_00106_invoice.json,w3_00106_invoice_scan.jpg
107,SHP-000107,IND274304AAB>IND274301AAB,IND274304AAB,IND274301AAB,FTL,2018-09-23,,w3_00107_bol.pdf,w3_00107_bol.json,w3_00107_bol_scan.jpg,w3_00107_invoice.pdf,w3_00107_invoice.json,w3_00107_invoice_scan.jpg
108,SHP-000108,IND561202AAB>IND515134AAA,IND561202AAB,IND515134AAA,Carting,2018-07-11,,w3_00108_bol.pdf,w3_00108_bol.json,w3_00108_bol_scan.jpg,w3_00108_invoice.pdf,w3_00108_invoice.json,w3_00108_invoice_scan.jpg
109,SHP-000109,IND515004AAA>IND515671AAA,IND515004AAA,IND515671AAA,FTL,2018-09-27,,w3_00109_bol.pdf,w3_00109_bol.json,w3_00109_bol_scan.jpg,w3_00109_invoice.pdf,w3_00109_invoice.json,w3_00109_invoice_scan.jpg
110,SHP-000110,IND503122AAA>IND502110AAA,IND503122AAA,IND502110AAA,FTL,2018-10-04,duplicate_document_number,w3_00110_bol.pdf,w3_00110_bol.json,w3_00110_bol_scan.jpg,w3_00110_invoice.pdf,w3_00110_invoice.json,w3_00110_invoice_scan.jpg
111,SHP-000111,IND415124AAA>IND415605AAA,IND415124AAA,IND415605AAA,FTL,2018-08-13,,w3_00111_bol.pdf,w3_00111_bol.json,w3_00111_bol_scan.jpg,w3_00111_invoice.pdf,w3_00111_invoice.json,w3_00111_invoice_scan.jpg
112,SHP-000112,IND560058AAB>IND562132AAA,IND560058AAB,IND562132AAA,Carting,2018-09-11,,w3_00112_bol.pdf,w3_00112_bol.json,w3_00112_bol_scan.jpg,w3_00112_invoice.pdf,w3_00112_invoice.json,w3_00112_invoice_scan.jpg
113,SHP-000113,IND160002AAC>IND144001AAB,IND160002AAC,IND144001AAB,FTL,2018-09-08,ocr_confusable_corruption,w3_00113_bol.pdf,w3_00113_bol.json,w3_00113_bol_scan.jpg,w3_00113_invoice.pdf,w3_00113_invoice.json,w3_00113_invoice_scan.jpg
114,SHP-000114,IND571124AAA>IND570020AAA,IND571124AAA,IND570020AAA,FTL,2018-07-26,,w3_00114_bol.pdf,w3_00114_bol.json,w3_00114_bol_scan.jpg,w3_00114_invoice.pdf,w3_00114_invoice.json,w3_00114_invoice_scan.jpg
115,SHP-000115,IND786181AAC>IND786001AAB,IND786181AAC,IND786001AAB,Carting,2018-09-02,,w3_00115_bol.pdf,w3_00115_bol.json,w3_00115_bol_scan.jpg,w3_00115_invoice.pdf,w3_00115_invoice.json,w3_00115_invoice_scan.jpg
116,SHP-000116,IND400102AAC>IND421302AAG,IND400102AAC,IND421302AAG,Carting,2018-08-27,,w3_00116_bol.pdf,w3_00116_bol.json,w3_00116_bol_scan.jpg,w3_00116_invoice.pdf,w3_00116_invoice.json,w3_00116_invoice_scan.jpg
117,SHP-000117,IND363421AAB>IND364710AAA,IND363421AAB,IND364710AAA,FTL,2018-09-16,,w3_00117_bol.pdf,w3_00117_bol.json,w3_00117_bol_scan.jpg,w3_00117_invoice.pdf,w3_00117_invoice.json,w3_00117_invoice_scan.jpg
118,SHP-000118,IND723202AAA>IND713205AAB,IND723202AAA,IND713205AAB,FTL,2018-08-29,,w3_00118_bol.pdf,w3_00118_bol.json,w3_00118_bol_scan.jpg,w3_00118_invoice.pdf,w3_00118_invoice.json,w3_00118_invoice_scan.jpg
119,SHP-000119,IND246761AAA>IND244501AAA,IND246761AAA,IND244501AAA,FTL,2018-09-23,,w3_00119_bol.pdf,w3_00119_bol.json,w3_00119_bol_scan.jpg,w3_00119_invoice.pdf,w3_00119_invoice.json,w3_00119_invoice_scan.jpg
120,SHP-000120,IND000000ACB>IND201301AAM,IND000000ACB,IND201301AAM,Carting,2018-09-02,,w3_00120_bol.pdf,w3_00120_bol.json,w3_00120_bol_scan.jpg,w3_00120_invoice.pdf,w3_00120_invoice.json,w3_00120_invoice_scan.jpg
